sequence,reference,policies,application_reference,adviser_ref,account_number,sort_code,suspension_reason,reason_desc,amount,rejection_type,notes,new_sort_code,new_bank_account,new_name,representation,agent_name,transaction_number
 ,PC5JBW100717,,,,123456789,010102,C,Account transferred to a different branch of Bank/Building Society,,ADDACS,,445566,88888888,FJBTEST1,,Not found,
 ,PC6JBW100717,,,,123456789,010102,1,Instruction cancelled by Payer,,ADDACS,,,,,,Not found,
413521,MRPC9D100717,,,,123456789,010102,0,Instruction cancelled - Refer to Payer,,ADDACS,,,,,,Not found,
413522,MRPC9E100717,,,,123456789,010102,1,Instruction cancelled by Payer,,ADDACS,,,,,,Not found,
413523,MRPC9F100717,,,,123456789,010102,1,Instruction cancelled by Payer,,ADDACS,,,,,,Not found,
,MRPC9G100717,,,,123456789,010102,0,Refer to payer,8.77,ARUDD,,,,,,Not found,17
413710,MRPC107021C,,,,123456789,010102,5,No Account,,AUDDIS,,,,,,Not found,0N
413711,MFJPC11W100717,,,,123456789,010102,F,Invalid account type,,AUDDIS,,,,,,Not found,0N
, ,,,,,,,,,,,,,,,,
, ,,,,,,,,,,,,,,,,
, ,,,,,,,,,,,,,,,,
,,,,,,,,,,,,,,,,,
,,,,,,,,,,,,,,,,,
,,,,,,,,,,,,,,,,,
, ,,,,,,,,,,,,,,,,
,,,,,,,,,,,,,,,,,
,,,,,,,,,,,,,,,,,
,,,,,,,,,,,,,,,,,
,,,,,,,,,,,,,,,,,
,,,,,,,,,,,,,,,,,
,,,,,,,,,,,,,,,,,
,,,,,,,,,,,,,,,,,
,,,,,,,,,,,,,,,,,
,,,,,,,,,,,,,,,,,
,,,,,,,,,,,,,,,,,
,,,,,,,,,,,,,,,,,
,,,,,,,,,,,,,,,,,
 ,,,,,,,,,,,,,,,,,
,,,,,,,,,,,,,,,,,
, ,,,,,,,,,,,,,,,,
, ,,,,,,,,,,,,,,,,
, ,,,,,,,,,,,,,,,,
, ,,,,,,,,,,,,,,,,
, ,,,,,,,,,,,,,,,,
, ,,,,,,,,,,,,,,,,
, ,,,,,,,,,,,,,,,,
, ,,,,,,,,,,,,,,,,
, ,,,,,,,,,,,,,,,,
, ,,,,,,,,,,,,,,,,
, ,,,,,,,,,,,,,,,,
, ,,,,,,,,,,,,,,,,
, ,,,,,,,,,,,,,,,,
, ,,,,,,,,,,,,,,,,
, ,,,,,,,,,,,,,,,,
, ,,,,,,,,,,,,,,,,
, ,,,,,,,,,,,,,,,,
, ,,,,,,,,,,,,,,,,
, ,,,,,,,,,,,,,,,,
, ,,,,,,,,,,,,,,,,
, ,,,,,,,,,,,,,,,,
, ,,,,,,,,,,,,,,,,
, ,,,,,,,,,,,,,,,,
, ,,,,,,,,,,,,,,,,
, ,,,,,,,,,,,,,,,,
, ,,,,,,,,,,,,,,,,
, ,,,,,,,,,,,,,,,,
, ,,,,,,,,,,,,,,,,
, ,,,,,,,,,,,,,,,,
, ,,,,,,,,,,,,,,,,
, ,,,,,,,,,,,,,,,,
, ,,,,,,,,,,,,,,,,
, ,,,,,,,,,,,,,,,,
, ,,,,,,,,,,,,,,,,
, ,,,,,,,,,,,,,,,,
, ,,,,,,,,,,,,,,,,
, ,,,,,,,,,,,,,,,,
, ,,,,,,,,,,,,,,,,
, ,,,,,,,,,,,,,,,,
, ,,,,,,,,,,,,,,,,
, ,,,,,,,,,,,,,,,,
, ,,,,,,,,,,,,,,,,
, ,,,,,,,,,,,,,,,,
, ,,,,,,,,,,,,,,,,
, ,,,,,,,,,,,,,,,,
, ,,,,,,,,,,,,,,,,
, ,,,,,,,,,,,,,,,,
, ,,,,,,,,,,,,,,,,
, ,,,,,,,,,,,,,,,,
, ,,,,,,,,,,,,,,,,
, ,,,,,,,,,,,,,,,,
, ,,,,,,,,,,,,,,,,
, ,,,,,,,,,,,,,,,,
, ,,,,,,,,,,,,,,,,
, ,,,,,,,,,,,,,,,,
, ,,,,,,,,,,,,,,,,
, ,,,,,,,,,,,,,,,,
, ,,,,,,,,,,,,,,,,
, ,,,,,,,,,,,,,,,,
, ,,,,,,,,,,,,,,,,
, ,,,,,,,,,,,,,,,,
, ,,,,,,,,,,,,,,,,
, ,,,,,,,,,,,,,,,,
, ,,,,,,,,,,,,,,,,
, ,,,,,,,,,,,,,,,,
, ,,,,,,,,,,,,,,,,
, ,,,,,,,,,,,,,,,,
, ,,,,,,,,,,,,,,,,
, ,,,,,,,,,,,,,,,,
, ,,,,,,,,,,,,,,,,
, ,,,,,,,,,,,,,,,,
, ,,,,,,,,,,,,,,,,
, ,,,,,,,,,,,,,,,,
, ,,,,,,,,,,,,,,,,
, ,,,,,,,,,,,,,,,,
, ,,,,,,,,,,,,,,,,
, ,,,,,,,,,,,,,,,,
, ,,,,,,,,,,,,,,,,
, ,,,,,,,,,,,,,,,,
, ,,,,,,,,,,,,,,,,
, ,,,,,,,,,,,,,,,,
, ,,,,,,,,,,,,,,,,
, ,,,,,,,,,,,,,,,,
, ,,,,,,,,,,,,,,,,
, ,,,,,,,,,,,,,,,,
, ,,,,,,,,,,,,,,,,
, ,,,,,,,,,,,,,,,,
, ,,,,,,,,,,,,,,,,
, ,,,,,,,,,,,,,,,,
, ,,,,,,,,,,,,,,,,
, ,,,,,,,,,,,,,,,,
, ,,,,,,,,,,,,,,,,
, ,,,,,,,,,,,,,,,,
, ,,,,,,,,,,,,,,,,
, ,,,,,,,,,,,,,,,,
, ,,,,,,,,,,,,,,,,
, ,,,,,,,,,,,,,,,,
, ,,,,,,,,,,,,,,,,
, ,,,,,,,,,,,,,,,,
, ,,,,,,,,,,,,,,,,
, ,,,,,,,,,,,,,,,,
, ,,,,,,,,,,,,,,,,
, ,,,,,,,,,,,,,,,,
, ,,,,,,,,,,,,,,,,
, ,,,,,,,,,,,,,,,,
, ,,,,,,,,,,,,,,,,
, ,,,,,,,,,,,,,,,,
, ,,,,,,,,,,,,,,,,
, ,,,,,,,,,,,,,,,,
, ,,,,,,,,,,,,,,,,
, ,,,,,,,,,,,,,,,,
, ,,,,,,,,,,,,,,,,
, ,,,,,,,,,,,,,,,,
, ,,,,,,,,,,,,,,,,
, ,,,,,,,,,,,,,,,,
, ,,,,,,,,,,,,,,,,
, ,,,,,,,,,,,,,,,,
, ,,,,,,,,,,,,,,,,
, ,,,,,,,,,,,,,,,,
, ,,,,,,,,,,,,,,,,
, ,,,,,,,,,,,,,,,,
, ,,,,,,,,,,,,,,,,
, ,,,,,,,,,,,,,,,,
, ,,,,,,,,,,,,,,,,
, ,,,,,,,,,,,,,,,,
, ,,,,,,,,,,,,,,,,
, ,,,,,,,,,,,,,,,,
, ,,,,,,,,,,,,,,,,
, ,,,,,,,,,,,,,,,,
, ,,,,,,,,,,,,,,,,
, ,,,,,,,,,,,,,,,,
, ,,,,,,,,,,,,,,,,
, ,,,,,,,,,,,,,,,,
, ,,,,,,,,,,,,,,,,
, ,,,,,,,,,,,,,,,,
, ,,,,,,,,,,,,,,,,
, ,,,,,,,,,,,,,,,,
, ,,,,,,,,,,,,,,,,
, ,,,,,,,,,,,,,,,,
, ,,,,,,,,,,,,,,,,
, ,,,,,,,,,,,,,,,,
, ,,,,,,,,,,,,,,,,
, ,,,,,,,,,,,,,,,,
, ,,,,,,,,,,,,,,,,
, ,,,,,,,,,,,,,,,,
, ,,,,,,,,,,,,,,,,
, ,,,,,,,,,,,,,,,,
, ,,,,,,,,,,,,,,,,
, ,,,,,,,,,,,,,,,,
, ,,,,,,,,,,,,,,,,
, ,,,,,,,,,,,,,,,,
, ,,,,,,,,,,,,,,,,
, ,,,,,,,,,,,,,,,,
, ,,,,,,,,,,,,,,,,
, ,,,,,,,,,,,,,,,,
, ,,,,,,,,,,,,,,,,
, ,,,,,,,,,,,,,,,,
, ,,,,,,,,,,,,,,,,
, ,,,,,,,,,,,,,,,,
, ,,,,,,,,,,,,,,,,
, ,,,,,,,,,,,,,,,,
, ,,,,,,,,,,,,,,,,
, ,,,,,,,,,,,,,,,,
, ,,,,,,,,,,,,,,,,
, ,,,,,,,,,,,,,,,,
, ,,,,,,,,,,,,,,,,
, ,,,,,,,,,,,,,,,,
, ,,,,,,,,,,,,,,,,
, ,,,,,,,,,,,,,,,,
, ,,,,,,,,,,,,,,,,
, ,,,,,,,,,,,,,,,,
, ,,,,,,,,,,,,,,,,
, ,,,,,,,,,,,,,,,,
, ,,,,,,,,,,,,,,,,
, ,,,,,,,,,,,,,,,,
, ,,,,,,,,,,,,,,,,
, ,,,,,,,,,,,,,,,,
, ,,,,,,,,,,,,,,,,
, ,,,,,,,,,,,,,,,,
, ,,,,,,,,,,,,,,,,
, ,,,,,,,,,,,,,,,,
, ,,,,,,,,,,,,,,,,
, ,,,,,,,,,,,,,,,,
, ,,,,,,,,,,,,,,,,
, ,,,,,,,,,,,,,,,,
, ,,,,,,,,,,,,,,,,
, ,,,,,,,,,,,,,,,,
, ,,,,,,,,,,,,,,,,
, ,,,,,,,,,,,,,,,,
, ,,,,,,,,,,,,,,,,
, ,,,,,,,,,,,,,,,,
, ,,,,,,,,,,,,,,,,
, ,,,,,,,,,,,,,,,,
, ,,,,,,,,,,,,,,,,
, ,,,,,,,,,,,,,,,,
, ,,,,,,,,,,,,,,,,
, ,,,,,,,,,,,,,,,,
, ,,,,,,,,,,,,,,,,
, ,,,,,,,,,,,,,,,,
, ,,,,,,,,,,,,,,,,
, ,,,,,,,,,,,,,,,,
, ,,,,,,,,,,,,,,,,
, ,,,,,,,,,,,,,,,,
, ,,,,,,,,,,,,,,,,
, ,,,,,,,,,,,,,,,,
, ,,,,,,,,,,,,,,,,
, ,,,,,,,,,,,,,,,,
, ,,,,,,,,,,,,,,,,
, ,,,,,,,,,,,,,,,,
, ,,,,,,,,,,,,,,,,
, ,,,,,,,,,,,,,,,,
, ,,,,,,,,,,,,,,,,
, ,,,,,,,,,,,,,,,,
, ,,,,,,,,,,,,,,,,
, ,,,,,,,,,,,,,,,,
, ,,,,,,,,,,,,,,,,
, ,,,,,,,,,,,,,,,,
, ,,,,,,,,,,,,,,,,
, ,,,,,,,,,,,,,,,,
, ,,,,,,,,,,,,,,,,
, ,,,,,,,,,,,,,,,,
, ,,,,,,,,,,,,,,,,
, ,,,,,,,,,,,,,,,,
, ,,,,,,,,,,,,,,,,
, ,,,,,,,,,,,,,,,,
, ,,,,,,,,,,,,,,,,
, ,,,,,,,,,,,,,,,,
, ,,,,,,,,,,,,,,,,
, ,,,,,,,,,,,,,,,,
, ,,,,,,,,,,,,,,,,
, ,,,,,,,,,,,,,,,,
, ,,,,,,,,,,,,,,,,
, ,,,,,,,,,,,,,,,,
, ,,,,,,,,,,,,,,,,
, ,,,,,,,,,,,,,,,,
, ,,,,,,,,,,,,,,,,
, ,,,,,,,,,,,,,,,,
, ,,,,,,,,,,,,,,,,
, ,,,,,,,,,,,,,,,,
, ,,,,,,,,,,,,,,,,
, ,,,,,,,,,,,,,,,,
, ,,,,,,,,,,,,,,,,
, ,,,,,,,,,,,,,,,,
, ,,,,,,,,,,,,,,,,
, ,,,,,,,,,,,,,,,,
, ,,,,,,,,,,,,,,,,
, ,,,,,,,,,,,,,,,,
, ,,,,,,,,,,,,,,,,
, ,,,,,,,,,,,,,,,,
, ,,,,,,,,,,,,,,,,
, ,,,,,,,,,,,,,,,,
, ,,,,,,,,,,,,,,,,
, ,,,,,,,,,,,,,,,,
, ,,,,,,,,,,,,,,,,
, ,,,,,,,,,,,,,,,,
, ,,,,,,,,,,,,,,,,
, ,,,,,,,,,,,,,,,,
, ,,,,,,,,,,,,,,,,
, ,,,,,,,,,,,,,,,,
, ,,,,,,,,,,,,,,,,
, ,,,,,,,,,,,,,,,,
, ,,,,,,,,,,,,,,,,
, ,,,,,,,,,,,,,,,,
, ,,,,,,,,,,,,,,,,
, ,,,,,,,,,,,,,,,,
, ,,,,,,,,,,,,,,,,
, ,,,,,,,,,,,,,,,,
, ,,,,,,,,,,,,,,,,
, ,,,,,,,,,,,,,,,,
, ,,,,,,,,,,,,,,,,
, ,,,,,,,,,,,,,,,,
, ,,,,,,,,,,,,,,,,
, ,,,,,,,,,,,,,,,,
, ,,,,,,,,,,,,,,,,
, ,,,,,,,,,,,,,,,,
, ,,,,,,,,,,,,,,,,
, ,,,,,,,,,,,,,,,,
, ,,,,,,,,,,,,,,,,
, ,,,,,,,,,,,,,,,,
, ,,,,,,,,,,,,,,,,
, ,,,,,,,,,,,,,,,,
, ,,,,,,,,,,,,,,,,
, ,,,,,,,,,,,,,,,,
, ,,,,,,,,,,,,,,,,
, ,,,,,,,,,,,,,,,,
, ,,,,,,,,,,,,,,,,
, ,,,,,,,,,,,,,,,,
, ,,,,,,,,,,,,,,,,
, ,,,,,,,,,,,,,,,,
, ,,,,,,,,,,,,,,,,
, ,,,,,,,,,,,,,,,,
, ,,,,,,,,,,,,,,,,
, ,,,,,,,,,,,,,,,,
, ,,,,,,,,,,,,,,,,
, ,,,,,,,,,,,,,,,,
, ,,,,,,,,,,,,,,,,
, ,,,,,,,,,,,,,,,,
, ,,,,,,,,,,,,,,,,
, ,,,,,,,,,,,,,,,,
, ,,,,,,,,,,,,,,,,
, ,,,,,,,,,,,,,,,,
, ,,,,,,,,,,,,,,,,
, ,,,,,,,,,,,,,,,,
, ,,,,,,,,,,,,,,,,
, ,,,,,,,,,,,,,,,,
, ,,,,,,,,,,,,,,,,
, ,,,,,,,,,,,,,,,,
, ,,,,,,,,,,,,,,,,
, ,,,,,,,,,,,,,,,,
, ,,,,,,,,,,,,,,,,
, ,,,,,,,,,,,,,,,,
, ,,,,,,,,,,,,,,,,
, ,,,,,,,,,,,,,,,,
, ,,,,,,,,,,,,,,,,
, ,,,,,,,,,,,,,,,,
, ,,,,,,,,,,,,,,,,
, ,,,,,,,,,,,,,,,,
, ,,,,,,,,,,,,,,,,
, ,,,,,,,,,,,,,,,,
, ,,,,,,,,,,,,,,,,
, ,,,,,,,,,,,,,,,,
, ,,,,,,,,,,,,,,,,
, ,,,,,,,,,,,,,,,,
, ,,,,,,,,,,,,,,,,
, ,,,,,,,,,,,,,,,,
, ,,,,,,,,,,,,,,,,
, ,,,,,,,,,,,,,,,,
, ,,,,,,,,,,,,,,,,
, ,,,,,,,,,,,,,,,,
, ,,,,,,,,,,,,,,,,
, ,,,,,,,,,,,,,,,,
, ,,,,,,,,,,,,,,,,
, ,,,,,,,,,,,,,,,,
, ,,,,,,,,,,,,,,,,
, ,,,,,,,,,,,,,,,,
, ,,,,,,,,,,,,,,,,
, ,,,,,,,,,,,,,,,,
, ,,,,,,,,,,,,,,,,
, ,,,,,,,,,,,,,,,,
, ,,,,,,,,,,,,,,,,
, ,,,,,,,,,,,,,,,,
, ,,,,,,,,,,,,,,,,
, ,,,,,,,,,,,,,,,,
, ,,,,,,,,,,,,,,,,
, ,,,,,,,,,,,,,,,,
, ,,,,,,,,,,,,,,,,
, ,,,,,,,,,,,,,,,,
, ,,,,,,,,,,,,,,,,
, ,,,,,,,,,,,,,,,,
, ,,,,,,,,,,,,,,,,
, ,,,,,,,,,,,,,,,,
, ,,,,,,,,,,,,,,,,
, ,,,,,,,,,,,,,,,,
, ,,,,,,,,,,,,,,,,
, ,,,,,,,,,,,,,,,,
, ,,,,,,,,,,,,,,,,
, ,,,,,,,,,,,,,,,,
, ,,,,,,,,,,,,,,,,
, ,,,,,,,,,,,,,,,,
, ,,,,,,,,,,,,,,,,
, ,,,,,,,,,,,,,,,,
, ,,,,,,,,,,,,,,,,
, ,,,,,,,,,,,,,,,,
, ,,,,,,,,,,,,,,,,
, ,,,,,,,,,,,,,,,,
, ,,,,,,,,,,,,,,,,
, ,,,,,,,,,,,,,,,,
, ,,,,,,,,,,,,,,,,
, ,,,,,,,,,,,,,,,,
, ,,,,,,,,,,,,,,,,
, ,,,,,,,,,,,,,,,,
, ,,,,,,,,,,,,,,,,
, ,,,,,,,,,,,,,,,,
, ,,,,,,,,,,,,,,,,
, ,,,,,,,,,,,,,,,,
, ,,,,,,,,,,,,,,,,
, ,,,,,,,,,,,,,,,,
, ,,,,,,,,,,,,,,,,
, ,,,,,,,,,,,,,,,,
, ,,,,,,,,,,,,,,,,
, ,,,,,,,,,,,,,,,,
, ,,,,,,,,,,,,,,,,
, ,,,,,,,,,,,,,,,,
, ,,,,,,,,,,,,,,,,
, ,,,,,,,,,,,,,,,,
, ,,,,,,,,,,,,,,,,
, ,,,,,,,,,,,,,,,,
, ,,,,,,,,,,,,,,,,
, ,,,,,,,,,,,,,,,,
, ,,,,,,,,,,,,,,,,
, ,,,,,,,,,,,,,,,,
, ,,,,,,,,,,,,,,,,
, ,,,,,,,,,,,,,,,,
, ,,,,,,,,,,,,,,,,
, ,,,,,,,,,,,,,,,,
, ,,,,,,,,,,,,,,,,
, ,,,,,,,,,,,,,,,,
, ,,,,,,,,,,,,,,,,
, ,,,,,,,,,,,,,,,,
, ,,,,,,,,,,,,,,,,
, ,,,,,,,,,,,,,,,,
, ,,,,,,,,,,,,,,,,
, ,,,,,,,,,,,,,,,,
, ,,,,,,,,,,,,,,,,
, ,,,,,,,,,,,,,,,,
, ,,,,,,,,,,,,,,,,
, ,,,,,,,,,,,,,,,,
, ,,,,,,,,,,,,,,,,
, ,,,,,,,,,,,,,,,,
, ,,,,,,,,,,,,,,,,
, ,,,,,,,,,,,,,,,,
, ,,,,,,,,,,,,,,,,
, ,,,,,,,,,,,,,,,,
, ,,,,,,,,,,,,,,,,
, ,,,,,,,,,,,,,,,,
, ,,,,,,,,,,,,,,,,
, ,,,,,,,,,,,,,,,,
, ,,,,,,,,,,,,,,,,
, ,,,,,,,,,,,,,,,,
, ,,,,,,,,,,,,,,,,
, ,,,,,,,,,,,,,,,,
, ,,,,,,,,,,,,,,,,
, ,,,,,,,,,,,,,,,,
, ,,,,,,,,,,,,,,,,
, ,,,,,,,,,,,,,,,,
, ,,,,,,,,,,,,,,,,
, ,,,,,,,,,,,,,,,,
, ,,,,,,,,,,,,,,,,
, ,,,,,,,,,,,,,,,,
, ,,,,,,,,,,,,,,,,
, ,,,,,,,,,,,,,,,,
, ,,,,,,,,,,,,,,,,
, ,,,,,,,,,,,,,,,,
, ,,,,,,,,,,,,,,,,
, ,,,,,,,,,,,,,,,,
, ,,,,,,,,,,,,,,,,
, ,,,,,,,,,,,,,,,,
, ,,,,,,,,,,,,,,,,
, ,,,,,,,,,,,,,,,,
, ,,,,,,,,,,,,,,,,
, ,,,,,,,,,,,,,,,,
, ,,,,,,,,,,,,,,,,
, ,,,,,,,,,,,,,,,,
, ,,,,,,,,,,,,,,,,
, ,,,,,,,,,,,,,,,,
, ,,,,,,,,,,,,,,,,
, ,,,,,,,,,,,,,,,,
, ,,,,,,,,,,,,,,,,
, ,,,,,,,,,,,,,,,,
, ,,,,,,,,,,,,,,,,
, ,,,,,,,,,,,,,,,,
, ,,,,,,,,,,,,,,,,
, ,,,,,,,,,,,,,,,,
, ,,,,,,,,,,,,,,,,
, ,,,,,,,,,,,,,,,,
, ,,,,,,,,,,,,,,,,
, ,,,,,,,,,,,,,,,,
, ,,,,,,,,,,,,,,,,
, ,,,,,,,,,,,,,,,,
, ,,,,,,,,,,,,,,,,
, ,,,,,,,,,,,,,,,,
, ,,,,,,,,,,,,,,,,
, ,,,,,,,,,,,,,,,,
, ,,,,,,,,,,,,,,,,
, ,,,,,,,,,,,,,,,,
, ,,,,,,,,,,,,,,,,
, ,,,,,,,,,,,,,,,,
, ,,,,,,,,,,,,,,,,
, ,,,,,,,,,,,,,,,,
, ,,,,,,,,,,,,,,,,
, ,,,,,,,,,,,,,,,,
, ,,,,,,,,,,,,,,,,
, ,,,,,,,,,,,,,,,,
, ,,,,,,,,,,,,,,,,
, ,,,,,,,,,,,,,,,,
, ,,,,,,,,,,,,,,,,
, ,,,,,,,,,,,,,,,,
, ,,,,,,,,,,,,,,,,
, ,,,,,,,,,,,,,,,,
, ,,,,,,,,,,,,,,,,
, ,,,,,,,,,,,,,,,,
, ,,,,,,,,,,,,,,,,
, ,,,,,,,,,,,,,,,,
, ,,,,,,,,,,,,,,,,
, ,,,,,,,,,,,,,,,,
, ,,,,,,,,,,,,,,,,
, ,,,,,,,,,,,,,,,,
, ,,,,,,,,,,,,,,,,
, ,,,,,,,,,,,,,,,,
, ,,,,,,,,,,,,,,,,
, ,,,,,,,,,,,,,,,,
, ,,,,,,,,,,,,,,,,
, ,,,,,,,,,,,,,,,,
, ,,,,,,,,,,,,,,,,
, ,,,,,,,,,,,,,,,,
, ,,,,,,,,,,,,,,,,
, ,,,,,,,,,,,,,,,,
, ,,,,,,,,,,,,,,,,
, ,,,,,,,,,,,,,,,,
, ,,,,,,,,,,,,,,,,
, ,,,,,,,,,,,,,,,,
, ,,,,,,,,,,,,,,,,
, ,,,,,,,,,,,,,,,,
, ,,,,,,,,,,,,,,,,
, ,,,,,,,,,,,,,,,,
, ,,,,,,,,,,,,,,,,
, ,,,,,,,,,,,,,,,,
, ,,,,,,,,,,,,,,,,
, ,,,,,,,,,,,,,,,,
, ,,,,,,,,,,,,,,,,
, ,,,,,,,,,,,,,,,,
, ,,,,,,,,,,,,,,,,
, ,,,,,,,,,,,,,,,,
, ,,,,,,,,,,,,,,,,
, ,,,,,,,,,,,,,,,,
, ,,,,,,,,,,,,,,,,
, ,,,,,,,,,,,,,,,,
, ,,,,,,,,,,,,,,,,
, ,,,,,,,,,,,,,,,,
, ,,,,,,,,,,,,,,,,
, ,,,,,,,,,,,,,,,,
, ,,,,,,,,,,,,,,,,
, ,,,,,,,,,,,,,,,,
, ,,,,,,,,,,,,,,,,
, ,,,,,,,,,,,,,,,,
, ,,,,,,,,,,,,,,,,
, ,,,,,,,,,,,,,,,,
, ,,,,,,,,,,,,,,,,
, ,,,,,,,,,,,,,,,,
, ,,,,,,,,,,,,,,,,
, ,,,,,,,,,,,,,,,,
, ,,,,,,,,,,,,,,,,
, ,,,,,,,,,,,,,,,,
, ,,,,,,,,,,,,,,,,
, ,,,,,,,,,,,,,,,,
, ,,,,,,,,,,,,,,,,
, ,,,,,,,,,,,,,,,,
, ,,,,,,,,,,,,,,,,
, ,,,,,,,,,,,,,,,,
, ,,,,,,,,,,,,,,,,
, ,,,,,,,,,,,,,,,,
, ,,,,,,,,,,,,,,,,
, ,,,,,,,,,,,,,,,,
, ,,,,,,,,,,,,,,,,
, ,,,,,,,,,,,,,,,,
, ,,,,,,,,,,,,,,,,
, ,,,,,,,,,,,,,,,,
, ,,,,,,,,,,,,,,,,
, ,,,,,,,,,,,,,,,,
, ,,,,,,,,,,,,,,,,
, ,,,,,,,,,,,,,,,,
, ,,,,,,,,,,,,,,,,
, ,,,,,,,,,,,,,,,,
, ,,,,,,,,,,,,,,,,
, ,,,,,,,,,,,,,,,,
, ,,,,,,,,,,,,,,,,
, ,,,,,,,,,,,,,,,,
, ,,,,,,,,,,,,,,,,
, ,,,,,,,,,,,,,,,,
, ,,,,,,,,,,,,,,,,
, ,,,,,,,,,,,,,,,,
, ,,,,,,,,,,,,,,,,
, ,,,,,,,,,,,,,,,,
, ,,,,,,,,,,,,,,,,
, ,,,,,,,,,,,,,,,,
, ,,,,,,,,,,,,,,,,
, ,,,,,,,,,,,,,,,,
, ,,,,,,,,,,,,,,,,
, ,,,,,,,,,,,,,,,,
, ,,,,,,,,,,,,,,,,
, ,,,,,,,,,,,,,,,,
, ,,,,,,,,,,,,,,,,
, ,,,,,,,,,,,,,,,,
, ,,,,,,,,,,,,,,,,
, ,,,,,,,,,,,,,,,,
, ,,,,,,,,,,,,,,,,
, ,,,,,,,,,,,,,,,,
, ,,,,,,,,,,,,,,,,
, ,,,,,,,,,,,,,,,,
, ,,,,,,,,,,,,,,,,
, ,,,,,,,,,,,,,,,,
, ,,,,,,,,,,,,,,,,
, ,,,,,,,,,,,,,,,,
, ,,,,,,,,,,,,,,,,
, ,,,,,,,,,,,,,,,,
, ,,,,,,,,,,,,,,,,
, ,,,,,,,,,,,,,,,,
, ,,,,,,,,,,,,,,,,
, ,,,,,,,,,,,,,,,,
, ,,,,,,,,,,,,,,,,
, ,,,,,,,,,,,,,,,,
, ,,,,,,,,,,,,,,,,
, ,,,,,,,,,,,,,,,,
, ,,,,,,,,,,,,,,,,
, ,,,,,,,,,,,,,,,,
, ,,,,,,,,,,,,,,,,
, ,,,,,,,,,,,,,,,,
, ,,,,,,,,,,,,,,,,
, ,,,,,,,,,,,,,,,,
, ,,,,,,,,,,,,,,,,
, ,,,,,,,,,,,,,,,,
, ,,,,,,,,,,,,,,,,
, ,,,,,,,,,,,,,,,,
, ,,,,,,,,,,,,,,,,
, ,,,,,,,,,,,,,,,,
, ,,,,,,,,,,,,,,,,
, ,,,,,,,,,,,,,,,,
, ,,,,,,,,,,,,,,,,
, ,,,,,,,,,,,,,,,,
, ,,,,,,,,,,,,,,,,
, ,,,,,,,,,,,,,,,,
, ,,,,,,,,,,,,,,,,
, ,,,,,,,,,,,,,,,,
, ,,,,,,,,,,,,,,,,
, ,,,,,,,,,,,,,,,,
, ,,,,,,,,,,,,,,,,
, ,,,,,,,,,,,,,,,,
, ,,,,,,,,,,,,,,,,
, ,,,,,,,,,,,,,,,,
, ,,,,,,,,,,,,,,,,
, ,,,,,,,,,,,,,,,,
, ,,,,,,,,,,,,,,,,
, ,,,,,,,,,,,,,,,,
, ,,,,,,,,,,,,,,,,
, ,,,,,,,,,,,,,,,,
, ,,,,,,,,,,,,,,,,
, ,,,,,,,,,,,,,,,,
, ,,,,,,,,,,,,,,,,
, ,,,,,,,,,,,,,,,,
, ,,,,,,,,,,,,,,,,
, ,,,,,,,,,,,,,,,,
, ,,,,,,,,,,,,,,,,
, ,,,,,,,,,,,,,,,,
, ,,,,,,,,,,,,,,,,
, ,,,,,,,,,,,,,,,,
, ,,,,,,,,,,,,,,,,
, ,,,,,,,,,,,,,,,,
, ,,,,,,,,,,,,,,,,
, ,,,,,,,,,,,,,,,,
, ,,,,,,,,,,,,,,,,
, ,,,,,,,,,,,,,,,,
, ,,,,,,,,,,,,,,,,
, ,,,,,,,,,,,,,,,,
, ,,,,,,,,,,,,,,,,
, ,,,,,,,,,,,,,,,,
, ,,,,,,,,,,,,,,,,
, ,,,,,,,,,,,,,,,,
, ,,,,,,,,,,,,,,,,
, ,,,,,,,,,,,,,,,,
, ,,,,,,,,,,,,,,,,
, ,,,,,,,,,,,,,,,,
, ,,,,,,,,,,,,,,,,
, ,,,,,,,,,,,,,,,,
, ,,,,,,,,,,,,,,,,
, ,,,,,,,,,,,,,,,,
, ,,,,,,,,,,,,,,,,
, ,,,,,,,,,,,,,,,,
, ,,,,,,,,,,,,,,,,
, ,,,,,,,,,,,,,,,,
, ,,,,,,,,,,,,,,,,
, ,,,,,,,,,,,,,,,,
, ,,,,,,,,,,,,,,,,
, ,,,,,,,,,,,,,,,,
, ,,,,,,,,,,,,,,,,
, ,,,,,,,,,,,,,,,,
, ,,,,,,,,,,,,,,,,
, ,,,,,,,,,,,,,,,,
, ,,,,,,,,,,,,,,,,
, ,,,,,,,,,,,,,,,,
, ,,,,,,,,,,,,,,,,
, ,,,,,,,,,,,,,,,,
, ,,,,,,,,,,,,,,,,
, ,,,,,,,,,,,,,,,,
, ,,,,,,,,,,,,,,,,
, ,,,,,,,,,,,,,,,,
, ,,,,,,,,,,,,,,,,
, ,,,,,,,,,,,,,,,,
, ,,,,,,,,,,,,,,,,
, ,,,,,,,,,,,,,,,,
, ,,,,,,,,,,,,,,,,
, ,,,,,,,,,,,,,,,,
, ,,,,,,,,,,,,,,,,
, ,,,,,,,,,,,,,,,,
, ,,,,,,,,,,,,,,,,
, ,,,,,,,,,,,,,,,,
, ,,,,,,,,,,,,,,,,
, ,,,,,,,,,,,,,,,,
, ,,,,,,,,,,,,,,,,
, ,,,,,,,,,,,,,,,,
, ,,,,,,,,,,,,,,,,
, ,,,,,,,,,,,,,,,,
, ,,,,,,,,,,,,,,,,
, ,,,,,,,,,,,,,,,,
, ,,,,,,,,,,,,,,,,
, ,,,,,,,,,,,,,,,,
, ,,,,,,,,,,,,,,,,
, ,,,,,,,,,,,,,,,,
, ,,,,,,,,,,,,,,,,
, ,,,,,,,,,,,,,,,,
, ,,,,,,,,,,,,,,,,
, ,,,,,,,,,,,,,,,,
, ,,,,,,,,,,,,,,,,
, ,,,,,,,,,,,,,,,,
, ,,,,,,,,,,,,,,,,
, ,,,,,,,,,,,,,,,,
, ,,,,,,,,,,,,,,,,
, ,,,,,,,,,,,,,,,,
, ,,,,,,,,,,,,,,,,
, ,,,,,,,,,,,,,,,,
, ,,,,,,,,,,,,,,,,
, ,,,,,,,,,,,,,,,,
, ,,,,,,,,,,,,,,,,
, ,,,,,,,,,,,,,,,,
, ,,,,,,,,,,,,,,,,
, ,,,,,,,,,,,,,,,,
, ,,,,,,,,,,,,,,,,
, ,,,,,,,,,,,,,,,,
, ,,,,,,,,,,,,,,,,
, ,,,,,,,,,,,,,,,,
, ,,,,,,,,,,,,,,,,
, ,,,,,,,,,,,,,,,,
, ,,,,,,,,,,,,,,,,
, ,,,,,,,,,,,,,,,,
, ,,,,,,,,,,,,,,,,
, ,,,,,,,,,,,,,,,,
, ,,,,,,,,,,,,,,,,
, ,,,,,,,,,,,,,,,,
, ,,,,,,,,,,,,,,,,
, ,,,,,,,,,,,,,,,,
, ,,,,,,,,,,,,,,,,
, ,,,,,,,,,,,,,,,,
, ,,,,,,,,,,,,,,,,
, ,,,,,,,,,,,,,,,,
, ,,,,,,,,,,,,,,,,
, ,,,,,,,,,,,,,,,,
, ,,,,,,,,,,,,,,,,
, ,,,,,,,,,,,,,,,,
, ,,,,,,,,,,,,,,,,
, ,,,,,,,,,,,,,,,,
, ,,,,,,,,,,,,,,,,
, ,,,,,,,,,,,,,,,,
, ,,,,,,,,,,,,,,,,
, ,,,,,,,,,,,,,,,,
, ,,,,,,,,,,,,,,,,
, ,,,,,,,,,,,,,,,,
, ,,,,,,,,,,,,,,,,
, ,,,,,,,,,,,,,,,,
, ,,,,,,,,,,,,,,,,
, ,,,,,,,,,,,,,,,,
, ,,,,,,,,,,,,,,,,
, ,,,,,,,,,,,,,,,,
, ,,,,,,,,,,,,,,,,
, ,,,,,,,,,,,,,,,,
, ,,,,,,,,,,,,,,,,
, ,,,,,,,,,,,,,,,,
, ,,,,,,,,,,,,,,,,
, ,,,,,,,,,,,,,,,,
, ,,,,,,,,,,,,,,,,
, ,,,,,,,,,,,,,,,,
, ,,,,,,,,,,,,,,,,
, ,,,,,,,,,,,,,,,,
, ,,,,,,,,,,,,,,,,
, ,,,,,,,,,,,,,,,,
, ,,,,,,,,,,,,,,,,
, ,,,,,,,,,,,,,,,,
, ,,,,,,,,,,,,,,,,
, ,,,,,,,,,,,,,,,,
, ,,,,,,,,,,,,,,,,
, ,,,,,,,,,,,,,,,,
, ,,,,,,,,,,,,,,,,
, ,,,,,,,,,,,,,,,,
, ,,,,,,,,,,,,,,,,
, ,,,,,,,,,,,,,,,,
, ,,,,,,,,,,,,,,,,
, ,,,,,,,,,,,,,,,,
, ,,,,,,,,,,,,,,,,
, ,,,,,,,,,,,,,,,,
, ,,,,,,,,,,,,,,,,
, ,,,,,,,,,,,,,,,,
, ,,,,,,,,,,,,,,,,
, ,,,,,,,,,,,,,,,,
, ,,,,,,,,,,,,,,,,
, ,,,,,,,,,,,,,,,,
, ,,,,,,,,,,,,,,,,
, ,,,,,,,,,,,,,,,,
, ,,,,,,,,,,,,,,,,
, ,,,,,,,,,,,,,,,,
, ,,,,,,,,,,,,,,,,
, ,,,,,,,,,,,,,,,,
, ,,,,,,,,,,,,,,,,
, ,,,,,,,,,,,,,,,,
, ,,,,,,,,,,,,,,,,
, ,,,,,,,,,,,,,,,,
, ,,,,,,,,,,,,,,,,
, ,,,,,,,,,,,,,,,,
, ,,,,,,,,,,,,,,,,
, ,,,,,,,,,,,,,,,,
, ,,,,,,,,,,,,,,,,
, ,,,,,,,,,,,,,,,,
, ,,,,,,,,,,,,,,,,
, ,,,,,,,,,,,,,,,,
, ,,,,,,,,,,,,,,,,
, ,,,,,,,,,,,,,,,,
, ,,,,,,,,,,,,,,,,
, ,,,,,,,,,,,,,,,,
, ,,,,,,,,,,,,,,,,
, ,,,,,,,,,,,,,,,,
, ,,,,,,,,,,,,,,,,
, ,,,,,,,,,,,,,,,,
, ,,,,,,,,,,,,,,,,
, ,,,,,,,,,,,,,,,,
, ,,,,,,,,,,,,,,,,
, ,,,,,,,,,,,,,,,,
, ,,,,,,,,,,,,,,,,
, ,,,,,,,,,,,,,,,,
, ,,,,,,,,,,,,,,,,
, ,,,,,,,,,,,,,,,,
, ,,,,,,,,,,,,,,,,
, ,,,,,,,,,,,,,,,,
, ,,,,,,,,,,,,,,,,
, ,,,,,,,,,,,,,,,,
, ,,,,,,,,,,,,,,,,
, ,,,,,,,,,,,,,,,,
, ,,,,,,,,,,,,,,,,
, ,,,,,,,,,,,,,,,,
, ,,,,,,,,,,,,,,,,
, ,,,,,,,,,,,,,,,,
, ,,,,,,,,,,,,,,,,
, ,,,,,,,,,,,,,,,,
, ,,,,,,,,,,,,,,,,
, ,,,,,,,,,,,,,,,,
, ,,,,,,,,,,,,,,,,
, ,,,,,,,,,,,,,,,,
, ,,,,,,,,,,,,,,,,
, ,,,,,,,,,,,,,,,,
, ,,,,,,,,,,,,,,,,
, ,,,,,,,,,,,,,,,,
, ,,,,,,,,,,,,,,,,
, ,,,,,,,,,,,,,,,,
, ,,,,,,,,,,,,,,,,
, ,,,,,,,,,,,,,,,,
, ,,,,,,,,,,,,,,,,
, ,,,,,,,,,,,,,,,,
, ,,,,,,,,,,,,,,,,
, ,,,,,,,,,,,,,,,,
, ,,,,,,,,,,,,,,,,
, ,,,,,,,,,,,,,,,,
, ,,,,,,,,,,,,,,,,
, ,,,,,,,,,,,,,,,,
, ,,,,,,,,,,,,,,,,
, ,,,,,,,,,,,,,,,,
, ,,,,,,,,,,,,,,,,
, ,,,,,,,,,,,,,,,,
, ,,,,,,,,,,,,,,,,
, ,,,,,,,,,,,,,,,,
, ,,,,,,,,,,,,,,,,
, ,,,,,,,,,,,,,,,,
, ,,,,,,,,,,,,,,,,
, ,,,,,,,,,,,,,,,,
, ,,,,,,,,,,,,,,,,
, ,,,,,,,,,,,,,,,,
, ,,,,,,,,,,,,,,,,
, ,,,,,,,,,,,,,,,,
, ,,,,,,,,,,,,,,,,
, ,,,,,,,,,,,,,,,,
, ,,,,,,,,,,,,,,,,
, ,,,,,,,,,,,,,,,,
, ,,,,,,,,,,,,,,,,
, ,,,,,,,,,,,,,,,,
, ,,,,,,,,,,,,,,,,
, ,,,,,,,,,,,,,,,,
, ,,,,,,,,,,,,,,,,
, ,,,,,,,,,,,,,,,,
, ,,,,,,,,,,,,,,,,
, ,,,,,,,,,,,,,,,,
, ,,,,,,,,,,,,,,,,
, ,,,,,,,,,,,,,,,,
, ,,,,,,,,,,,,,,,,
, ,,,,,,,,,,,,,,,,
, ,,,,,,,,,,,,,,,,
, ,,,,,,,,,,,,,,,,
, ,,,,,,,,,,,,,,,,
, ,,,,,,,,,,,,,,,,
, ,,,,,,,,,,,,,,,,
, ,,,,,,,,,,,,,,,,
, ,,,,,,,,,,,,,,,,
, ,,,,,,,,,,,,,,,,
, ,,,,,,,,,,,,,,,,
, ,,,,,,,,,,,,,,,,
, ,,,,,,,,,,,,,,,,
, ,,,,,,,,,,,,,,,,
, ,,,,,,,,,,,,,,,,
, ,,,,,,,,,,,,,,,,
, ,,,,,,,,,,,,,,,,
, ,,,,,,,,,,,,,,,,
, ,,,,,,,,,,,,,,,,
, ,,,,,,,,,,,,,,,,
, ,,,,,,,,,,,,,,,,
, ,,,,,,,,,,,,,,,,
, ,,,,,,,,,,,,,,,,
, ,,,,,,,,,,,,,,,,
, ,,,,,,,,,,,,,,,,
, ,,,,,,,,,,,,,,,,
, ,,,,,,,,,,,,,,,,
, ,,,,,,,,,,,,,,,,
, ,,,,,,,,,,,,,,,,
, ,,,,,,,,,,,,,,,,
, ,,,,,,,,,,,,,,,,
, ,,,,,,,,,,,,,,,,
, ,,,,,,,,,,,,,,,,
, ,,,,,,,,,,,,,,,,
, ,,,,,,,,,,,,,,,,
, ,,,,,,,,,,,,,,,,
, ,,,,,,,,,,,,,,,,
, ,,,,,,,,,,,,,,,,
, ,,,,,,,,,,,,,,,,
, ,,,,,,,,,,,,,,,,
, ,,,,,,,,,,,,,,,,
, ,,,,,,,,,,,,,,,,
, ,,,,,,,,,,,,,,,,
, ,,,,,,,,,,,,,,,,
, ,,,,,,,,,,,,,,,,
, ,,,,,,,,,,,,,,,,
, ,,,,,,,,,,,,,,,,
, ,,,,,,,,,,,,,,,,
, ,,,,,,,,,,,,,,,,
, ,,,,,,,,,,,,,,,,
, ,,,,,,,,,,,,,,,,
, ,,,,,,,,,,,,,,,,
, ,,,,,,,,,,,,,,,,
, ,,,,,,,,,,,,,,,,
, ,,,,,,,,,,,,,,,,
, ,,,,,,,,,,,,,,,,
, ,,,,,,,,,,,,,,,,
, ,,,,,,,,,,,,,,,,
, ,,,,,,,,,,,,,,,,
, ,,,,,,,,,,,,,,,,
, ,,,,,,,,,,,,,,,,
, ,,,,,,,,,,,,,,,,
, ,,,,,,,,,,,,,,,,
, ,,,,,,,,,,,,,,,,
, ,,,,,,,,,,,,,,,,
, ,,,,,,,,,,,,,,,,
, ,,,,,,,,,,,,,,,,
, ,,,,,,,,,,,,,,,,
, ,,,,,,,,,,,,,,,,
, ,,,,,,,,,,,,,,,,
, ,,,,,,,,,,,,,,,,
, ,,,,,,,,,,,,,,,,
, ,,,,,,,,,,,,,,,,
, ,,,,,,,,,,,,,,,,
, ,,,,,,,,,,,,,,,,
, ,,,,,,,,,,,,,,,,
, ,,,,,,,,,,,,,,,,
, ,,,,,,,,,,,,,,,,
, ,,,,,,,,,,,,,,,,
, ,,,,,,,,,,,,,,,,
, ,,,,,,,,,,,,,,,,
, ,,,,,,,,,,,,,,,,
, ,,,,,,,,,,,,,,,,
, ,,,,,,,,,,,,,,,,
, ,,,,,,,,,,,,,,,,
, ,,,,,,,,,,,,,,,,
, ,,,,,,,,,,,,,,,,
, ,,,,,,,,,,,,,,,,
, ,,,,,,,,,,,,,,,,
